Datetime,Water Level (m)
2025-02-19 18:00:00,-0.59007037
2025-02-19 19:00:00,-0.43061814
2025-02-19 20:00:00,-0.21194915
2025-02-19 21:00:00,0.0042009763
2025-02-19 22:00:00,0.1581938
2025-02-19 23:00:00,0.20902689
2025-02-20 00:00:00,0.10091642
2025-02-20 01:00:00,-0.101189844
2025-02-20 02:00:00,-0.28677887
2025-02-20 03:00:00,-0.45491707
2025-02-20 04:00:00,-0.5982234
2025-02-20 05:00:00,-0.71251553
2025-02-20 06:00:00,-0.78829026
2025-02-20 07:00:00,-0.7164732
2025-02-20 08:00:00,-0.48658812
2025-02-20 09:00:00,-0.2543984
2025-02-20 10:00:00,-0.05381637
2025-02-20 11:00:00,0.08132167
2025-02-20 12:00:00,0.1251882
2025-02-20 13:00:00,0.047169328
2025-02-20 14:00:00,-0.11763544
2025-02-20 15:00:00,-0.27422664
2025-02-20 16:00:00,-0.41196254
2025-02-20 17:00:00,-0.516401
2025-02-20 18:00:00,-0.5856751
2025-02-20 19:00:00,-0.5905133
2025-02-20 20:00:00,-0.4452653
2025-02-20 21:00:00,-0.26408437
2025-02-20 22:00:00,-0.105033904
2025-02-20 23:00:00,-0.014105653
2025-02-21 00:00:00,-0.021058701
2025-02-21 01:00:00,-0.1531318
2025-02-21 02:00:00,-0.31711912
2025-02-21 03:00:00,-0.4727328
2025-02-21 04:00:00,-0.6060149
2025-02-21 05:00:00,-0.71318036
2025-02-21 06:00:00,-0.7918502
2025-02-21 07:00:00,-0.80744755
2025-02-21 08:00:00,-0.68497556
2025-02-21 09:00:00,-0.49888882
2025-02-21 10:00:00,-0.30940372
2025-02-21 11:00:00,-0.14056046
2025-02-21 12:00:00,-0.018275231
2025-02-21 13:00:00,0.045477536
2025-02-21 14:00:00,0.016417792
2025-02-21 15:00:00,-0.10759161
2025-02-21 16:00:00,-0.24671035
2025-02-21 17:00:00,-0.36883911
2025-02-21 18:00:00,-0.4616214
2025-02-21 19:00:00,-0.512968
2025-02-21 20:00:00,-0.50586075
2025-02-21 21:00:00,-0.41050228
2025-02-21 22:00:00,-0.2958368
2025-02-21 23:00:00,-0.20296343
2025-02-22 00:00:00,-0.15869468
2025-02-22 01:00:00,-0.18442893
2025-02-22 02:00:00,-0.2825957
2025-02-22 03:00:00,-0.40324092
2025-02-22 04:00:00,-0.5204042
2025-02-22 05:00:00,-0.6232344
2025-02-22 06:00:00,-0.7066319
2025-02-22 07:00:00,-0.7667112
2025-02-22 08:00:00,-0.7860596
2025-02-22 09:00:00,-0.7113132
2025-02-22 10:00:00,-0.56147206
2025-02-22 11:00:00,-0.3953426
2025-02-22 12:00:00,-0.23236617
2025-02-22 13:00:00,-0.08448712
2025-02-22 14:00:00,0.011660727
2025-02-22 15:00:00,0.042494267
2025-02-22 16:00:00,-0.0038617898
2025-02-22 17:00:00,-0.12144838
2025-02-22 18:00:00,-0.25334948
2025-02-22 19:00:00,-0.37704512
2025-02-22 20:00:00,-0.48191848
2025-02-22 21:00:00,-0.5572921
2025-02-22 22:00:00,-0.5938627
2025-02-22 23:00:00,-0.5701523
2025-02-23 00:00:00,-0.47447786
2025-02-23 01:00:00,-0.36678022
2025-02-23 02:00:00,-0.2928034
2025-02-23 03:00:00,-0.27375796
2025-02-23 04:00:00,-0.3200366
2025-02-23 05:00:00,-0.41435194
2025-02-23 06:00:00,-0.5241806
2025-02-23 07:00:00,-0.63449496
2025-02-23 08:00:00,-0.7330279
2025-02-23 09:00:00,-0.80838513
2025-02-23 10:00:00,-0.83199763
2025-02-23 11:00:00,-0.72666293
2025-02-23 12:00:00,-0.5454849
2025-02-23 13:00:00,-0.33627275
2025-02-23 14:00:00,-0.12999989
2025-02-23 15:00:00,0.032487042
2025-02-23 16:00:00,0.13005929
2025-02-23 17:00:00,0.12718207
2025-02-23 18:00:00,0.002203365
2025-02-23 19:00:00,-0.16860662
2025-02-23 20:00:00,-0.3350903
2025-02-23 21:00:00,-0.4815736
2025-02-23 22:00:00,-0.60044163
2025-02-23 23:00:00,-0.6909078
2025-02-24 00:00:00,-0.7299749
2025-02-24 01:00:00,-0.61608857
2025-02-24 02:00:00,-0.41708574
2025-02-24 03:00:00,-0.2524317
2025-02-24 04:00:00,-0.15377632
2025-02-24 05:00:00,-0.13482805
2025-02-24 06:00:00,-0.21697669
2025-02-24 07:00:00,-0.36370173
2025-02-24 08:00:00,-0.5169516
2025-02-24 09:00:00,-0.6529603
2025-02-24 10:00:00,-0.76590943
2025-02-24 11:00:00,-0.847587
2025-02-24 12:00:00,-0.8277265
2025-02-24 13:00:00,-0.6055524
2025-02-24 14:00:00,-0.34641692
2025-02-24 15:00:00,-0.08548026
2025-02-24 16:00:00,0.12923609
2025-02-24 17:00:00,0.26022002
2025-02-24 18:00:00,0.26821402
2025-02-24 19:00:00,0.11842598
2025-02-24 20:00:00,-0.09484758
2025-02-24 21:00:00,-0.283698
2025-02-24 22:00:00,-0.44948196
2025-02-24 23:00:00,-0.59111524
2025-02-25 00:00:00,-0.70048296
2025-02-25 01:00:00,-0.7558983
2025-02-25 02:00:00,-0.58257455
2025-02-25 03:00:00,-0.33688933
2025-02-25 04:00:00,-0.11612471
2025-02-25 05:00:00,0.026787404
2025-02-25 06:00:00,0.062340777
2025-02-25 07:00:00,-0.056871343
2025-02-25 08:00:00,-0.24436727
2025-02-25 09:00:00,-0.424223
2025-02-25 10:00:00,-0.5787546
2025-02-25 11:00:00,-0.71220666
2025-02-25 12:00:00,-0.8195139
2025-02-25 13:00:00,-0.8225024
2025-02-25 14:00:00,-0.5523069
2025-02-25 15:00:00,-0.24672782
2025-02-25 16:00:00,0.07328034
2025-02-25 17:00:00,0.32162175
2025-02-25 18:00:00,0.46208012
